{"cameraMode":{"drawMode":0,"name":"Shaded","section":"Shading Mode"},"sceneLighting":true,"audioPlay":false,"sceneViewState":{"showFog":true,"showMaterialUpdate":false,"showSkybox":true,"showFlares":true,"showImageEffects":true,"showParticleSystems":true,"showVisualEffectGraphs":true},"in2DMode":false,"pivot":{"x":5.77502965927124,"y":3.844832420349121,"z":-4.07987117767334},"rotation":{"x":-0.10320877283811569,"y":-0.3353511095046997,"z":0.036887988448143008,"w":-0.9358010292053223},"size":6.345327377319336,"orthographic":false}