{"cameraMode":{"drawMode":0,"name":"Shaded","section":"Shading Mode"},"sceneLighting":true,"audioPlay":false,"sceneViewState":{"showFog":true,"showMaterialUpdate":false,"showSkybox":true,"showFlares":true,"showImageEffects":true,"showParticleSystems":true,"showVisualEffectGraphs":true},"in2DMode":false,"pivot":{"x":12.31629753112793,"y":-1.6016592979431153,"z":-0.7506637573242188},"rotation":{"x":-0.09561493992805481,"y":-0.10313674062490463,"z":0.010480244643986225,"w":-0.9902311563491821},"size":43.95970916748047,"orthographic":false}