{"cameraMode":{"drawMode":0,"name":"Shaded","section":"Shading Mode"},"sceneLighting":true,"audioPlay":false,"sceneViewState":{"showFog":true,"showMaterialUpdate":false,"showSkybox":true,"showFlares":true,"showImageEffects":true,"showParticleSystems":true,"showVisualEffectGraphs":true},"in2DMode":false,"pivot":{"x":567.3445434570313,"y":287.661376953125,"z":-227.73175048828126},"rotation":{"x":-0.055785514414310458,"y":-0.0020843602251261474,"z":0.00014286434452515095,"w":-0.998481810092926},"size":284.2605895996094,"orthographic":false}