{"cameraMode":{"drawMode":0,"name":"Shaded","section":"Shading Mode"},"sceneLighting":true,"audioPlay":false,"sceneViewState":{"showFog":true,"showMaterialUpdate":false,"showSkybox":true,"showFlares":true,"showImageEffects":true,"showParticleSystems":true,"showVisualEffectGraphs":true},"in2DMode":false,"pivot":{"x":113.40943145751953,"y":-2.7735605239868166,"z":11.760361671447754},"rotation":{"x":-0.09904692322015763,"y":0.12030323594808579,"z":-0.011979283764958382,"w":-0.9879295229911804},"size":22.182130813598634,"orthographic":false}