{"cameraMode":{"drawMode":0,"name":"Shaded","section":"Shading Mode"},"sceneLighting":true,"audioPlay":false,"sceneViewState":{"showFog":true,"showMaterialUpdate":false,"showSkybox":true,"showFlares":true,"showImageEffects":true,"showParticleSystems":true,"showVisualEffectGraphs":true},"in2DMode":false,"pivot":{"x":-9.68526554107666,"y":-1.6737512350082398,"z":0.9023192524909973},"rotation":{"x":-0.12007387727499008,"y":0.6193051934242249,"z":-0.09675392508506775,"w":-0.769940197467804},"size":4.230817794799805,"orthographic":false}