{"cameraMode":{"drawMode":0,"name":"Shaded","section":"Shading Mode"},"sceneLighting":true,"audioPlay":false,"sceneViewState":{"showFog":true,"showMaterialUpdate":false,"showSkybox":true,"showFlares":true,"showImageEffects":true,"showParticleSystems":true,"showVisualEffectGraphs":true},"in2DMode":false,"pivot":{"x":0.4560684263706207,"y":2.1248154640197756,"z":-2.1110830307006838},"rotation":{"x":0.16732639074325562,"y":-0.04730833321809769,"z":0.008042623288929463,"w":0.9847490787506104},"size":6.504257678985596,"orthographic":false}