{"cameraMode":{"drawMode":0,"name":"Shaded","section":"Shading Mode"},"sceneLighting":true,"audioPlay":false,"sceneViewState":{"showFog":true,"showMaterialUpdate":false,"showSkybox":true,"showFlares":true,"showImageEffects":true,"showParticleSystems":true,"showVisualEffectGraphs":true},"in2DMode":false,"pivot":{"x":6.8409528732299809,"y":2.1459836959838869,"z":-1.4908905029296876},"rotation":{"x":-0.13479091227054597,"y":-0.040700387209653857,"z":0.005568544380366802,"w":-0.9900670051574707},"size":15.398947715759278,"orthographic":false}