{"cameraMode":{"drawMode":0,"name":"Shaded","section":"Shading Mode"},"sceneLighting":false,"audioPlay":false,"sceneViewState":{"showFog":true,"showMaterialUpdate":false,"showSkybox":true,"showFlares":true,"showImageEffects":true,"showParticleSystems":true,"showVisualEffectGraphs":true},"in2DMode":false,"pivot":{"x":31.53810691833496,"y":-115.06267547607422,"z":254.1677703857422},"rotation":{"x":0.20399095118045808,"y":0.10752122104167938,"z":-0.022680725902318956,"w":0.97288578748703},"size":140.6645965576172,"orthographic":false}