{"cameraMode":{"drawMode":0,"name":"Shaded","section":"Shading Mode"},"sceneLighting":true,"audioPlay":false,"sceneViewState":{"showFog":true,"showMaterialUpdate":false,"showSkybox":true,"showFlares":true,"showImageEffects":true,"showParticleSystems":true,"showVisualEffectGraphs":true},"in2DMode":false,"pivot":{"x":9.003602981567383,"y":-6.383979320526123,"z":166.98097229003907},"rotation":{"x":-0.03929179161787033,"y":0.020080385729670526,"z":-0.0007892928551882505,"w":-0.9990295767784119},"size":249.6124267578125,"orthographic":false}