{"cameraMode":{"drawMode":0,"name":"Shaded","section":"Shading Mode"},"sceneLighting":true,"audioPlay":false,"sceneViewState":{"showFog":true,"showMaterialUpdate":false,"showSkybox":true,"showFlares":true,"showImageEffects":true,"showParticleSystems":true,"showVisualEffectGraphs":true},"in2DMode":false,"pivot":{"x":58.59101867675781,"y":1.8932037353515626,"z":-0.48375511169433596},"rotation":{"x":-0.14231854677200318,"y":0.018656494095921518,"z":-0.00289266393519938,"w":-0.9897857308387756},"size":9.967920303344727,"orthographic":false}