{"cameraMode":{"drawMode":0,"name":"Shaded","section":"Shading Mode"},"sceneLighting":true,"audioPlay":false,"sceneViewState":{"showFog":true,"showMaterialUpdate":false,"showSkybox":true,"showFlares":true,"showImageEffects":true,"showParticleSystems":true,"showVisualEffectGraphs":true},"in2DMode":false,"pivot":{"x":23.486202239990236,"y":-0.7481343150138855,"z":0.4842163324356079},"rotation":{"x":-0.027957847341895105,"y":0.6991835832595825,"z":-0.027631308883428575,"w":-0.7140637040138245},"size":5.453756809234619,"orthographic":false}