{"cameraMode":{"drawMode":0,"name":"Shaded","section":"Shading Mode"},"sceneLighting":true,"audioPlay":false,"sceneViewState":{"showFog":true,"showMaterialUpdate":false,"showSkybox":true,"showFlares":true,"showImageEffects":true,"showParticleSystems":true,"showVisualEffectGraphs":true},"in2DMode":false,"pivot":{"x":38.74056625366211,"y":4.721552848815918,"z":-2.14670467376709},"rotation":{"x":-0.14360666275024415,"y":0.3099401891231537,"z":-0.047433286905288699,"w":-0.9387036561965942},"size":7.9296417236328129,"orthographic":false}