{"cameraMode":{"drawMode":0,"name":"Shaded","section":"Shading Mode"},"sceneLighting":true,"audioPlay":false,"sceneViewState":{"showFog":true,"showMaterialUpdate":false,"showSkybox":true,"showFlares":true,"showImageEffects":true,"showParticleSystems":true,"showVisualEffectGraphs":true},"in2DMode":false,"pivot":{"x":39.46097946166992,"y":-33.333229064941409,"z":58.93347930908203},"rotation":{"x":-0.25679051876068118,"y":-0.1061316430568695,"z":0.028422586619853975,"w":-0.960242748260498},"size":47.357330322265628,"orthographic":false}