{"cameraMode":{"drawMode":0,"name":"Shaded","section":"Shading Mode"},"sceneLighting":true,"audioPlay":false,"sceneViewState":{"showFog":true,"showMaterialUpdate":false,"showSkybox":true,"showFlares":true,"showImageEffects":true,"showParticleSystems":true,"showVisualEffectGraphs":true},"in2DMode":false,"pivot":{"x":0.29765987396240237,"y":-2.545884847640991,"z":1.5002784729003907},"rotation":{"x":-0.17303317785263062,"y":-0.14481523633003236,"z":0.025662872940301896,"w":-0.9739770889282227},"size":7.114574432373047,"orthographic":false}