{"cameraMode":{"drawMode":0,"name":"Shaded","section":"Shading Mode"},"sceneLighting":true,"audioPlay":false,"sceneViewState":{"showFog":true,"showMaterialUpdate":false,"showSkybox":true,"showFlares":true,"showImageEffects":true,"showParticleSystems":true,"showVisualEffectGraphs":true},"in2DMode":false,"pivot":{"x":117.2717056274414,"y":12.334735870361329,"z":-15.614622116088868},"rotation":{"x":-0.19680209457874299,"y":0.04788575321435928,"z":-0.009732896462082863,"w":-0.979367196559906},"size":12.03858470916748,"orthographic":false}