{"cameraMode":{"drawMode":0,"name":"Shaded","section":"Shading Mode"},"sceneLighting":true,"audioPlay":false,"sceneViewState":{"showFog":true,"showMaterialUpdate":false,"showSkybox":true,"showFlares":true,"showImageEffects":true,"showParticleSystems":true,"showVisualEffectGraphs":true},"in2DMode":false,"pivot":{"x":16.411460876464845,"y":1.6340768337249756,"z":-2.3171534538269045},"rotation":{"x":-0.08114179223775864,"y":0.04574696347117424,"z":-0.0037033753469586374,"w":-0.99568772315979},"size":1.0392308235168458,"orthographic":false}