{"cameraMode":{"drawMode":0,"name":"Shaded","section":"Shading Mode"},"sceneLighting":true,"audioPlay":false,"sceneViewState":{"showFog":true,"showMaterialUpdate":false,"showSkybox":true,"showFlares":true,"showImageEffects":true,"showParticleSystems":true,"showVisualEffectGraphs":true},"in2DMode":false,"pivot":{"x":223.40232849121095,"y":57.27684783935547,"z":-115.6541519165039},"rotation":{"x":-0.2874809205532074,"y":0.08685228228569031,"z":-0.026363566517829896,"w":-0.9536260366439819},"size":34.37407302856445,"orthographic":false}