{"cameraMode":{"drawMode":0,"name":"Shaded","section":"Shading Mode"},"sceneLighting":true,"audioPlay":false,"sceneViewState":{"showFog":true,"showMaterialUpdate":false,"showSkybox":true,"showFlares":true,"showImageEffects":true,"showParticleSystems":true,"showVisualEffectGraphs":true},"in2DMode":false,"pivot":{"x":-183.72923278808595,"y":-324.76885986328127,"z":1392.382568359375},"rotation":{"x":-0.1153089627623558,"y":0.06642068922519684,"z":-0.00769818713888526,"w":-0.9911735653877258},"size":909.438232421875,"orthographic":false}