{"cameraMode":{"drawMode":0,"name":"Shaded","section":"Shading Mode"},"sceneLighting":false,"audioPlay":false,"sceneViewState":{"showFog":true,"showMaterialUpdate":false,"showSkybox":false,"showFlares":true,"showImageEffects":true,"showParticleSystems":true,"showVisualEffectGraphs":true},"in2DMode":false,"pivot":{"x":26.145614624023439,"y":1.906203269958496,"z":0.07818412780761719},"rotation":{"x":-0.11389875411987305,"y":0.05448038503527641,"z":-0.006425569765269756,"w":-0.9921192526817322},"size":4.8848185539245609,"orthographic":false}