{"cameraMode":{"drawMode":0,"name":"Shaded","section":"Shading Mode"},"sceneLighting":false,"audioPlay":false,"sceneViewState":{"showFog":true,"showMaterialUpdate":false,"showSkybox":false,"showFlares":true,"showImageEffects":true,"showParticleSystems":true,"showVisualEffectGraphs":true},"in2DMode":false,"pivot":{"x":26.329999923706056,"y":1.5260000228881837,"z":0.18000000715255738},"rotation":{"x":-0.08114179223775864,"y":0.04574696347117424,"z":-0.0037033753469586374,"w":-0.99568772315979},"size":1.5848183631896973,"orthographic":false}