{"cameraMode":{"drawMode":0,"name":"Shaded","section":"Shading Mode"},"sceneLighting":false,"audioPlay":false,"sceneViewState":{"showFog":true,"showMaterialUpdate":false,"showSkybox":false,"showFlares":true,"showImageEffects":true,"showParticleSystems":true,"showVisualEffectGraphs":true},"in2DMode":false,"pivot":{"x":-4.909999847412109,"y":0.03650003671646118,"z":-0.9700002670288086},"rotation":{"x":-0.1482239067554474,"y":-0.025807157158851625,"z":0.0038040534127503635,"w":-0.9886679649353027},"size":1.709287166595459,"orthographic":false}